Airplane,5400,10796,1.076672,1.964948,0.331236,\labeledDb\LabeledDB_new\Airplane\61.off
Airplane,5619,11234,1.6124580000000002,0.445411,1.929487,\labeledDb\LabeledDB_new\Airplane\62.off
Airplane,5519,11034,1.994502,0.40212899999999996,1.698099,\labeledDb\LabeledDB_new\Airplane\63.off
Airplane,6797,13590,1.5399159999999998,1.839621,0.490835,\labeledDb\LabeledDB_new\Airplane\64.off
Airplane,6448,12892,1.694166,1.7242220000000001,0.362287,\labeledDb\LabeledDB_new\Airplane\65.off
Airplane,7739,15474,1.683005,1.476191,0.32289,\labeledDb\LabeledDB_new\Airplane\66.off
Airplane,7651,15298,1.76762,1.624479,0.47075599999999995,\labeledDb\LabeledDB_new\Airplane\67.off
Airplane,5583,11162,1.405503,1.775058,0.39827999999999997,\labeledDb\LabeledDB_new\Airplane\68.off
Airplane,6701,13398,1.420377,1.898705,0.377684,\labeledDb\LabeledDB_new\Airplane\69.off
Airplane,5631,11258,1.187878,1.984439,0.42201900000000003,\labeledDb\LabeledDB_new\Airplane\70.off
Airplane,5849,11694,1.610512,1.978393,0.436425,\labeledDb\LabeledDB_new\Airplane\71.off
Airplane,5228,10452,1.4481030000000001,1.9789400000000001,0.378147,\labeledDb\LabeledDB_new\Airplane\72.off
Airplane,5109,10214,1.579171,1.957232,0.39529800000000004,\labeledDb\LabeledDB_new\Airplane\73.off
Airplane,5044,10084,1.3626960000000001,1.958148,0.393675,\labeledDb\LabeledDB_new\Airplane\74.off
Airplane,8679,17354,1.748742,1.6731980000000002,0.283657,\labeledDb\LabeledDB_new\Airplane\75.off
Airplane,5923,11842,1.833239,1.475664,0.454581,\labeledDb\LabeledDB_new\Airplane\76.off
Airplane,6587,13170,1.747579,0.45136899999999996,1.786654,\labeledDb\LabeledDB_new\Airplane\77.off
Airplane,7470,14936,1.824525,1.808016,0.603638,\labeledDb\LabeledDB_new\Airplane\78.off
Airplane,6689,13374,1.576664,1.952119,0.568253,\labeledDb\LabeledDB_new\Airplane\79.off
Airplane,7351,14698,1.548375,1.922642,0.53776,\labeledDb\LabeledDB_new\Airplane\80.off
Ant,8064,16124,0.756189,1.681332,1.0714860000000002,\labeledDb\LabeledDB_new\Ant\100.off
Ant,6370,12736,0.9040250000000001,1.823238,0.725729,\labeledDb\LabeledDB_new\Ant\81.off
Ant,8299,16594,1.1060860000000001,1.7823799999999999,0.9736750000000001,\labeledDb\LabeledDB_new\Ant\82.off
Ant,6376,12748,1.099426,1.870698,0.613919,\labeledDb\LabeledDB_new\Ant\83.off
Ant,6850,13696,0.86687,1.75033,0.947641,\labeledDb\LabeledDB_new\Ant\84.off
Ant,8388,16772,1.092875,1.749529,0.609625,\labeledDb\LabeledDB_new\Ant\85.off
Ant,7038,14072,0.640765,1.826308,0.8355410000000001,\labeledDb\LabeledDB_new\Ant\86.off
Ant,7470,14936,1.227999,1.838758,0.855512,\labeledDb\LabeledDB_new\Ant\87.off
Ant,8210,16416,1.510853,1.825566,1.0131510000000001,\labeledDb\LabeledDB_new\Ant\88.off
Ant,7654,15304,1.026235,1.808662,0.63835,\labeledDb\LabeledDB_new\Ant\89.off
Ant,7877,15750,1.1211799999999998,1.80551,0.8423339999999999,\labeledDb\LabeledDB_new\Ant\90.off
Ant,8640,17276,1.1644670000000001,1.773255,0.8987499999999999,\labeledDb\LabeledDB_new\Ant\91.off
Ant,5867,11730,0.9587129999999999,1.908918,0.574583,\labeledDb\LabeledDB_new\Ant\92.off
Ant,8216,16432,1.5417800000000002,1.837933,0.715852,\labeledDb\LabeledDB_new\Ant\93.off
Ant,7236,14468,1.72425,0.6209089999999999,1.493579,\labeledDb\LabeledDB_new\Ant\94.off
Ant,7355,14706,1.180749,1.7779,0.48246100000000003,\labeledDb\LabeledDB_new\Ant\95.off
Ant,8504,17004,1.383583,1.696256,0.734445,\labeledDb\LabeledDB_new\Ant\96.off
Ant,8167,16330,1.05236,1.713002,0.396162,\labeledDb\LabeledDB_new\Ant\97.off
Ant,6154,12304,0.838152,1.896911,0.810004,\labeledDb\LabeledDB_new\Ant\98.off
Ant,6881,13758,1.2611020000000002,1.75245,0.764711,\labeledDb\LabeledDB_new\Ant\99.off
Armadillo,25273,50542,1.249404,1.327419,1.130258,\labeledDb\LabeledDB_new\Armadillo\281.off
Armadillo,24473,48942,0.849885,1.620059,0.977798,\labeledDb\LabeledDB_new\Armadillo\282.off
Armadillo,24484,48964,0.888143,1.878688,0.933678,\labeledDb\LabeledDB_new\Armadillo\283.off
Armadillo,25494,50984,1.157804,1.439152,1.397401,\labeledDb\LabeledDB_new\Armadillo\284.off
Armadillo,25193,50382,1.033773,1.550408,1.4301650000000001,\labeledDb\LabeledDB_new\Armadillo\285.off
Armadillo,25108,50212,1.339599,1.321469,1.315772,\labeledDb\LabeledDB_new\Armadillo\286.off
Armadillo,25491,50978,1.315312,1.486895,1.4448750000000001,\labeledDb\LabeledDB_new\Armadillo\287.off
Armadillo,20000,39996,1.463016,1.466418,1.399389,\labeledDb\LabeledDB_new\Armadillo\288.off
Armadillo,25211,50418,1.795223,1.513468,1.4643410000000001,\labeledDb\LabeledDB_new\Armadillo\289.off
Armadillo,25431,50858,1.075037,1.454564,1.20179,\labeledDb\LabeledDB_new\Armadillo\290.off
Armadillo,24615,49226,0.934679,1.887247,0.90602,\labeledDb\LabeledDB_new\Armadillo\291.off
Armadillo,21774,43544,1.280637,1.3253110000000001,1.165947,\labeledDb\LabeledDB_new\Armadillo\292.off
Armadillo,15000,29996,0.853578,1.627,0.981799,\labeledDb\LabeledDB_new\Armadillo\293.off
Armadillo,16501,32998,0.690485,1.851157,0.919986,\labeledDb\LabeledDB_new\Armadillo\294.off
Armadillo,16780,33556,1.128523,1.4027560000000001,1.130823,\labeledDb\LabeledDB_new\Armadillo\295.off
Armadillo,15832,31660,0.8763099999999999,1.596906,1.277566,\labeledDb\LabeledDB_new\Armadillo\296.off
Armadillo,15315,30626,1.3713799999999998,1.1370779999999998,1.310994,\labeledDb\LabeledDB_new\Armadillo\297.off
Armadillo,15000,29996,1.3213430000000002,1.492488,1.3876140000000001,\labeledDb\LabeledDB_new\Armadillo\298.off
Armadillo,17117,34230,1.4695939999999998,1.4792459999999998,1.412378,\labeledDb\LabeledDB_new\Armadillo\299.off
Armadillo,17453,34902,1.77878,1.438825,1.450929,\labeledDb\LabeledDB_new\Armadillo\300.off
Bearing,1663,3322,0.463537,0.462755,1.540763,\labeledDb\LabeledDB_new\Bearing\341.off
Bearing,1663,3322,0.57418,0.573209,1.9085260000000002,\labeledDb\LabeledDB_new\Bearing\342.off
Bearing,1663,3322,0.553104,0.5521689999999999,1.838474,\labeledDb\LabeledDB_new\Bearing\343.off
Bearing,3182,6360,0.526435,1.224844,0.52214,\labeledDb\LabeledDB_new\Bearing\344.off
Bearing,3614,7224,0.533141,1.2208299999999999,0.527773,\labeledDb\LabeledDB_new\Bearing\345.off
Bearing,3587,7170,0.5333209999999999,1.220065,0.531794,\labeledDb\LabeledDB_new\Bearing\346.off
Bearing,2623,5242,0.6799390000000001,0.684126,1.822957,\labeledDb\LabeledDB_new\Bearing\347.off
Bearing,2568,5132,0.15503099999999997,1.007909,0.15503100000000003,\labeledDb\LabeledDB_new\Bearing\348.off
Bearing,2568,5132,0.26988599999999996,1.754619,0.26988599999999996,\labeledDb\LabeledDB_new\Bearing\349.off
Bearing,8759,17514,0.28505,0.28505,1.854734,\labeledDb\LabeledDB_new\Bearing\350.off
Bearing,5192,10380,0.522636,0.524644,1.841771,\labeledDb\LabeledDB_new\Bearing\351.off
Bearing,10400,20796,0.465607,0.462882,1.6297169999999999,\labeledDb\LabeledDB_new\Bearing\352.off
Bearing,1512,3020,1.825364,0.382381,0.382381,\labeledDb\LabeledDB_new\Bearing\353.off
Bearing,2910,5816,0.345588,1.218254,0.345019,\labeledDb\LabeledDB_new\Bearing\354.off
Bearing,14994,29984,0.24863200000000002,1.989061,0.248632,\labeledDb\LabeledDB_new\Bearing\355.off
Bearing,14992,29980,0.248649,1.989191,0.248649,\labeledDb\LabeledDB_new\Bearing\356.off
Bearing,14872,29764,1.9696660000000001,0.130235,0.26826799999999995,\labeledDb\LabeledDB_new\Bearing\357.off
Bearing,14127,28266,0.949238,1.245393,0.949238,\labeledDb\LabeledDB_new\Bearing\358.off
Bearing,14956,29924,0.9522219999999999,1.2493210000000001,0.952223,\labeledDb\LabeledDB_new\Bearing\359.off
Bearing,2200,4396,0.037975999999999996,0.037729,0.191554,\labeledDb\LabeledDB_new\Bearing\360.off
Bird,3478,6952,1.390134,0.286369,1.987865,\labeledDb\LabeledDB_new\Bird\241.off
Bird,7849,15694,1.817851,0.802944,1.298609,\labeledDb\LabeledDB_new\Bird\242.off
Bird,3158,6312,1.9925000000000002,0.511655,0.563784,\labeledDb\LabeledDB_new\Bird\243.off
Bird,4501,8998,1.9671560000000001,0.27879,0.922156,\labeledDb\LabeledDB_new\Bird\244.off
Bird,6475,12946,1.815248,0.772397,1.256492,\labeledDb\LabeledDB_new\Bird\245.off
Bird,4219,8434,1.94928,0.543701,0.64998,\labeledDb\LabeledDB_new\Bird\246.off
Bird,5519,11034,1.8517480000000002,0.728487,1.005123,\labeledDb\LabeledDB_new\Bird\247.off
Bird,11790,23576,1.453949,1.1931829999999999,1.241455,\labeledDb\LabeledDB_new\Bird\248.off
Bird,3714,7424,1.9639410000000002,0.393377,0.961538,\labeledDb\LabeledDB_new\Bird\249.off
Bird,4280,8556,1.3547280000000002,1.9146,0.18435200000000002,\labeledDb\LabeledDB_new\Bird\250.off
Bird,3158,6312,1.9925000000000002,0.511655,0.563784,\labeledDb\LabeledDB_new\Bird\251.off
Bird,6351,12698,1.736472,0.770138,1.066309,\labeledDb\LabeledDB_new\Bird\252.off
Bird,6164,12324,1.833585,0.491819,1.5898530000000002,\labeledDb\LabeledDB_new\Bird\253.off
Bird,3638,7272,0.209791,1.994842,0.9520770000000001,\labeledDb\LabeledDB_new\Bird\254.off
Bird,5054,10104,1.941541,0.5273,1.0648339999999998,\labeledDb\LabeledDB_new\Bird\255.off
Bird,5970,11936,1.7101229999999998,1.0434290000000002,1.636494,\labeledDb\LabeledDB_new\Bird\256.off
Bird,2135,4266,1.913893,0.273073,0.955231,\labeledDb\LabeledDB_new\Bird\257.off
Bird,8946,17888,1.396925,1.405259,1.258113,\labeledDb\LabeledDB_new\Bird\258.off
Bird,9015,18026,1.8022960000000001,0.602128,1.623276,\labeledDb\LabeledDB_new\Bird\259.off
Bird,2497,4990,0.938034,1.110411,1.322677,\labeledDb\LabeledDB_new\Bird\260.off
Bust,9252,18500,0.973899,1.885077,0.8387020000000001,\labeledDb\LabeledDB_new\Bust\301.off
Bust,25125,50246,1.4025249999999998,1.744681,1.005202,\labeledDb\LabeledDB_new\Bust\302.off
Bust,15516,31028,1.16609,1.346277,0.9713480000000001,\labeledDb\LabeledDB_new\Bust\303.off
Bust,25467,50930,1.9331960000000001,1.038809,0.769795,\labeledDb\LabeledDB_new\Bust\304.off
Bust,27824,55644,1.6095739999999998,1.714398,1.233381,\labeledDb\LabeledDB_new\Bust\305.off
Bust,26798,53592,1.2461920000000002,1.680792,1.0126439999999999,\labeledDb\LabeledDB_new\Bust\306.off
Bust,27439,54874,1.81386,1.663729,1.7046890000000001,\labeledDb\LabeledDB_new\Bust\307.off
Bust,23976,47948,1.7245080000000002,1.841334,1.524292,\labeledDb\LabeledDB_new\Bust\308.off
Bust,5197,10390,1.1353849999999999,1.150157,1.411164,\labeledDb\LabeledDB_new\Bust\309.off
Bust,8263,16522,1.842162,1.846517,1.284366,\labeledDb\LabeledDB_new\Bust\310.off
Bust,25230,50456,1.080055,1.774347,1.3034789999999998,\labeledDb\LabeledDB_new\Bust\311.off
Bust,26985,53966,1.65263,1.494401,1.125731,\labeledDb\LabeledDB_new\Bust\312.off
Bust,10852,21700,1.3342459999999998,1.67497,1.345318,\labeledDb\LabeledDB_new\Bust\313.off
Bust,26437,52870,1.467505,1.571086,0.810265,\labeledDb\LabeledDB_new\Bust\314.off
Bust,25768,51532,1.1454460000000002,1.583711,1.3757899999999998,\labeledDb\LabeledDB_new\Bust\315.off
Bust,23395,46786,1.1689530000000001,1.618821,1.40262,\labeledDb\LabeledDB_new\Bust\316.off
Bust,27726,55448,1.061247,1.799766,1.3490630000000001,\labeledDb\LabeledDB_new\Bust\317.off
Bust,25145,50286,1.040468,1.43204,1.4768439999999998,\labeledDb\LabeledDB_new\Bust\318.off
Bust,26558,53112,1.942037,1.0805,1.196734,\labeledDb\LabeledDB_new\Bust\319.off
Bust,27118,54232,1.7490269999999999,1.7302490000000001,1.31784,\labeledDb\LabeledDB_new\Bust\320.off
Chair,8499,16998,0.801122,1.6493959999999999,0.7633430000000001,\labeledDb\LabeledDB_new\Chair\101.off
Chair,15724,31456,1.198178,1.570565,1.246189,\labeledDb\LabeledDB_new\Chair\102.off
Chair,9652,19304,0.837828,1.660331,0.866825,\labeledDb\LabeledDB_new\Chair\103.off
Chair,8653,17306,0.682215,0.664191,1.70957,\labeledDb\LabeledDB_new\Chair\104.off
Chair,9261,18530,0.662812,0.644883,1.660949,\labeledDb\LabeledDB_new\Chair\105.off
Chair,14052,28104,1.053711,0.94543,1.542312,\labeledDb\LabeledDB_new\Chair\106.off
Chair,11421,22854,1.078001,1.774406,1.1063129999999999,\labeledDb\LabeledDB_new\Chair\107.off
Chair,10500,21008,1.11063,1.78388,1.088375,\labeledDb\LabeledDB_new\Chair\108.off
Chair,10301,20602,0.856838,1.389456,0.875855,\labeledDb\LabeledDB_new\Chair\109.off
Chair,8456,16920,0.670631,1.640487,0.7348669999999999,\labeledDb\LabeledDB_new\Chair\110.off
Chair,8050,16100,0.681556,1.6672120000000001,0.747368,\labeledDb\LabeledDB_new\Chair\111.off
Chair,13628,27256,0.7854,1.427564,0.996021,\labeledDb\LabeledDB_new\Chair\112.off
Chair,10748,21500,0.81298,1.476756,0.925913,\labeledDb\LabeledDB_new\Chair\113.off
Chair,5794,11588,0.609785,1.425284,0.698174,\labeledDb\LabeledDB_new\Chair\114.off
Chair,10043,20086,0.8276129999999999,1.5033349999999999,0.941032,\labeledDb\LabeledDB_new\Chair\115.off
Chair,13463,26926,0.97561,1.639866,1.045958,\labeledDb\LabeledDB_new\Chair\116.off
Chair,14372,28744,0.9419040000000001,1.596444,0.969454,\labeledDb\LabeledDB_new\Chair\117.off
Chair,9153,18306,0.779291,1.637554,0.789047,\labeledDb\LabeledDB_new\Chair\118.off
Chair,12326,24652,0.888512,1.620559,0.9211989999999999,\labeledDb\LabeledDB_new\Chair\119.off
Chair,10121,20242,0.771519,1.698185,0.750347,\labeledDb\LabeledDB_new\Chair\120.off
Cup,15198,30396,1.662662,1.088976,1.234866,\labeledDb\LabeledDB_new\Cup\21.off
Cup,15002,30004,1.7603550000000001,1.3084609999999999,1.3816549999999999,\labeledDb\LabeledDB_new\Cup\22.off
Cup,15037,30074,1.7745090000000001,1.026499,1.4311660000000002,\labeledDb\LabeledDB_new\Cup\23.off
Cup,15246,30492,1.782751,1.330937,1.4034719999999998,\labeledDb\LabeledDB_new\Cup\24.off
Cup,15087,30170,1.164689,1.706782,1.147809,\labeledDb\LabeledDB_new\Cup\25.off
Cup,15209,30418,1.55596,1.043261,1.4868139999999999,\labeledDb\LabeledDB_new\Cup\26.off
Cup,15137,30274,1.506114,1.103634,1.365564,\labeledDb\LabeledDB_new\Cup\27.off
Cup,15070,30140,1.6866210000000001,1.102186,1.250727,\labeledDb\LabeledDB_new\Cup\28.off
Cup,15127,30254,1.56017,0.9912650000000001,1.2911160000000002,\labeledDb\LabeledDB_new\Cup\29.off
Cup,15006,30008,1.091406,1.446721,1.0917,\labeledDb\LabeledDB_new\Cup\30.off
Cup,15227,30454,1.756707,1.5655700000000001,1.291925,\labeledDb\LabeledDB_new\Cup\31.off
Cup,14751,29502,1.472642,1.332937,1.066941,\labeledDb\LabeledDB_new\Cup\32.off
Cup,7349,14698,1.712402,1.26666,1.347274,\labeledDb\LabeledDB_new\Cup\33.off
Cup,9602,19204,1.255926,1.573558,1.5582989999999999,\labeledDb\LabeledDB_new\Cup\34.off
Cup,15136,30268,0.9994640000000001,1.535168,0.9542550000000001,\labeledDb\LabeledDB_new\Cup\35.off
Cup,9076,18152,1.417117,1.618355,1.349044,\labeledDb\LabeledDB_new\Cup\36.off
Cup,6270,12540,1.349375,1.3487179999999999,1.722501,\labeledDb\LabeledDB_new\Cup\37.off
Cup,15064,30128,1.710175,1.301681,1.230683,\labeledDb\LabeledDB_new\Cup\38.off
Cup,15161,30322,1.669012,1.118836,1.281506,\labeledDb\LabeledDB_new\Cup\39.off
Cup,15165,30326,1.032639,1.846071,1.026595,\labeledDb\LabeledDB_new\Cup\40.off
Fish,7121,14238,1.7827709999999999,0.597613,1.0639370000000001,\labeledDb\LabeledDB_new\Fish\221.off
Fish,5255,10506,1.8113830000000002,0.536234,0.6831,\labeledDb\LabeledDB_new\Fish\222.off
Fish,6656,13308,1.770317,0.78854,0.827559,\labeledDb\LabeledDB_new\Fish\223.off
Fish,5061,10118,1.81951,0.519146,0.621227,\labeledDb\LabeledDB_new\Fish\224.off
Fish,6076,12148,1.789695,0.616652,0.880898,\labeledDb\LabeledDB_new\Fish\225.off
Fish,5216,10428,1.844118,0.558622,0.6168939999999999,\labeledDb\LabeledDB_new\Fish\226.off
Fish,5216,10428,1.844118,0.558622,0.6168939999999999,\labeledDb\LabeledDB_new\Fish\227.off
Fish,5592,11180,0.5277540000000001,1.79226,0.78802,\labeledDb\LabeledDB_new\Fish\228.off
Fish,5245,10486,0.564376,0.6742049999999999,1.874825,\labeledDb\LabeledDB_new\Fish\229.off
Fish,7573,15142,1.790676,1.0814430000000002,0.626614,\labeledDb\LabeledDB_new\Fish\230.off
Fish,6264,12524,1.788523,0.687467,0.737222,\labeledDb\LabeledDB_new\Fish\231.off
Fish,5440,10876,1.807382,0.5808599999999999,0.546564,\labeledDb\LabeledDB_new\Fish\232.off
Fish,10186,20368,1.659631,0.972173,1.020777,\labeledDb\LabeledDB_new\Fish\233.off
Fish,7498,14992,1.807608,0.9187209999999999,0.8026869999999999,\labeledDb\LabeledDB_new\Fish\234.off
Fish,5250,10496,1.817159,0.568072,0.706092,\labeledDb\LabeledDB_new\Fish\235.off
Fish,4845,9686,1.780746,0.54022,0.71135,\labeledDb\LabeledDB_new\Fish\236.off
Fish,4439,8874,1.80147,0.476638,0.55733,\labeledDb\LabeledDB_new\Fish\237.off
Fish,5096,10188,1.7634949999999998,0.503695,0.69125,\labeledDb\LabeledDB_new\Fish\238.off
Fish,5121,10238,1.856531,0.670034,0.44642899999999996,\labeledDb\LabeledDB_new\Fish\239.off
Fish,6833,13662,1.745735,0.7798039999999999,0.665031,\labeledDb\LabeledDB_new\Fish\240.off
FourLeg,6938,13872,1.634129,1.062353,0.571059,\labeledDb\LabeledDB_new\FourLeg\381.off
FourLeg,8078,16152,0.708435,1.546358,1.278799,\labeledDb\LabeledDB_new\FourLeg\382.off
FourLeg,13331,26658,0.5911930000000001,1.800724,0.922001,\labeledDb\LabeledDB_new\FourLeg\383.off
FourLeg,4712,9420,0.45846,1.991668,1.099401,\labeledDb\LabeledDB_new\FourLeg\384.off
FourLeg,10436,20868,1.76214,1.325781,0.5083120000000001,\labeledDb\LabeledDB_new\FourLeg\385.off
FourLeg,2087,4170,1.626975,1.209946,1.1374360000000001,\labeledDb\LabeledDB_new\FourLeg\386.off
FourLeg,14680,29356,1.596471,1.454089,0.6760790000000001,\labeledDb\LabeledDB_new\FourLeg\387.off
FourLeg,8411,16818,1.864297,1.037803,0.656377,\labeledDb\LabeledDB_new\FourLeg\388.off
FourLeg,9490,18976,0.571071,1.598385,1.352296,\labeledDb\LabeledDB_new\FourLeg\389.off
FourLeg,9239,18474,0.49194499999999997,1.6807560000000001,1.071126,\labeledDb\LabeledDB_new\FourLeg\390.off
FourLeg,4315,8626,0.512799,0.984618,1.708787,\labeledDb\LabeledDB_new\FourLeg\391.off
FourLeg,8618,17232,1.829604,1.030774,0.631337,\labeledDb\LabeledDB_new\FourLeg\392.off
FourLeg,9757,19510,0.43820800000000004,1.4026,1.433402,\labeledDb\LabeledDB_new\FourLeg\393.off
FourLeg,9009,18014,1.52489,0.44542800000000005,1.268405,\labeledDb\LabeledDB_new\FourLeg\394.off
FourLeg,11312,22620,1.759896,1.222007,1.001994,\labeledDb\LabeledDB_new\FourLeg\395.off
FourLeg,5538,11072,1.5662639999999999,1.448058,0.413226,\labeledDb\LabeledDB_new\FourLeg\396.off
FourLeg,7268,14532,0.461523,1.302118,1.583878,\labeledDb\LabeledDB_new\FourLeg\397.off
FourLeg,1480,2956,1.433097,0.895006,0.331834,\labeledDb\LabeledDB_new\FourLeg\398.off
FourLeg,3911,7818,0.6388940000000001,1.570629,1.387941,\labeledDb\LabeledDB_new\FourLeg\399.off
FourLeg,3703,7402,0.529954,1.025638,1.676742,\labeledDb\LabeledDB_new\FourLeg\400.off
Glasses,7016,14028,1.0235349999999999,1.0840859999999999,0.327073,\labeledDb\LabeledDB_new\Glasses\41.off
Glasses,4164,8324,1.250872,0.90491,0.30706,\labeledDb\LabeledDB_new\Glasses\42.off
Glasses,3414,6824,1.255856,0.244535,0.9217029999999999,\labeledDb\LabeledDB_new\Glasses\43.off
Glasses,6288,12572,1.052825,0.339154,1.212015,\labeledDb\LabeledDB_new\Glasses\44.off
Glasses,5399,10794,1.235099,0.324376,1.088663,\labeledDb\LabeledDB_new\Glasses\45.off
Glasses,2394,4784,1.8288630000000001,0.5578339999999999,0.278489,\labeledDb\LabeledDB_new\Glasses\46.off
Glasses,2028,4052,1.9847299999999999,0.137056,0.282781,\labeledDb\LabeledDB_new\Glasses\47.off
Glasses,5176,10348,1.336546,0.967292,0.331412,\labeledDb\LabeledDB_new\Glasses\48.off
Glasses,3110,6220,1.690083,0.71453,0.309264,\labeledDb\LabeledDB_new\Glasses\49.off
Glasses,7420,14836,1.0430549999999998,1.0978189999999999,0.333213,\labeledDb\LabeledDB_new\Glasses\50.off
Glasses,2858,5712,1.549827,0.8285849999999999,0.276768,\labeledDb\LabeledDB_new\Glasses\51.off
Glasses,1554,3104,1.879188,0.47644600000000004,0.22955,\labeledDb\LabeledDB_new\Glasses\52.off
Glasses,2496,4988,1.770104,0.642563,0.28935,\labeledDb\LabeledDB_new\Glasses\53.off
Glasses,7407,14810,1.042433,0.331221,1.097702,\labeledDb\LabeledDB_new\Glasses\54.off
Glasses,2850,5696,1.512944,0.27093100000000003,0.826146,\labeledDb\LabeledDB_new\Glasses\55.off
Glasses,8771,17538,1.3042,1.272597,0.405257,\labeledDb\LabeledDB_new\Glasses\56.off
Glasses,7413,14822,1.041721,1.097453,0.331225,\labeledDb\LabeledDB_new\Glasses\57.off
Glasses,1857,3710,1.9430939999999999,0.221465,0.257074,\labeledDb\LabeledDB_new\Glasses\58.off
Glasses,2895,5786,1.763537,0.686593,0.275596,\labeledDb\LabeledDB_new\Glasses\59.off
Glasses,2375,4746,1.801333,0.617453,0.245672,\labeledDb\LabeledDB_new\Glasses\60.off
Hand,7242,14480,0.9343600000000001,0.680823,1.920398,\labeledDb\LabeledDB_new\Hand\181.off
Hand,10283,20562,0.8728100000000001,1.8794469999999999,1.011166,\labeledDb\LabeledDB_new\Hand\182.off
Hand,11413,22822,1.673297,1.860552,0.63573,\labeledDb\LabeledDB_new\Hand\183.off
Hand,4685,9366,0.7258089999999999,0.9025749999999999,1.731493,\labeledDb\LabeledDB_new\Hand\184.off
Hand,2489,4974,1.008116,0.357655,1.65517,\labeledDb\LabeledDB_new\Hand\185.off
Hand,6607,13210,1.0493999999999999,0.609905,1.8286120000000001,\labeledDb\LabeledDB_new\Hand\186.off
Hand,7628,15256,0.937751,0.682142,1.928293,\labeledDb\LabeledDB_new\Hand\187.off
Hand,8603,17202,1.165294,1.777404,1.176891,\labeledDb\LabeledDB_new\Hand\188.off
Hand,14084,28164,1.2418179999999999,1.441688,1.193902,\labeledDb\LabeledDB_new\Hand\189.off
Hand,7500,14996,1.162981,1.6097670000000002,0.5124420000000001,\labeledDb\LabeledDB_new\Hand\190.off
Hand,13766,27528,1.233675,1.796312,1.162614,\labeledDb\LabeledDB_new\Hand\191.off
Hand,6991,13978,1.158728,1.802525,0.59095,\labeledDb\LabeledDB_new\Hand\192.off
Hand,7314,14624,0.754948,1.6053419999999998,0.6062730000000001,\labeledDb\LabeledDB_new\Hand\193.off
Hand,8471,16938,0.796404,1.752393,0.661347,\labeledDb\LabeledDB_new\Hand\194.off
Hand,8524,17044,0.716968,1.694359,0.7467090000000001,\labeledDb\LabeledDB_new\Hand\195.off
Hand,7112,14220,1.234385,1.5758429999999999,0.634566,\labeledDb\LabeledDB_new\Hand\196.off
Hand,7553,15102,0.708622,1.6390289999999998,0.8287359999999999,\labeledDb\LabeledDB_new\Hand\197.off
Hand,9564,19124,0.674338,0.5490189999999999,1.94167,\labeledDb\LabeledDB_new\Hand\198.off
Hand,8647,17290,0.8155889999999999,1.881539,0.707565,\labeledDb\LabeledDB_new\Hand\199.off
Hand,1515,3026,1.3076720000000002,1.724604,0.648263,\labeledDb\LabeledDB_new\Hand\200.off
Human,4706,9408,0.727641,0.293773,1.7960859999999998,\labeledDb\LabeledDB_new\Human\1.off
Human,9508,19012,0.351569,1.894933,1.0463879999999999,\labeledDb\LabeledDB_new\Human\10.off
Human,10999,21994,1.7315909999999999,0.39471,1.797155,\labeledDb\LabeledDB_new\Human\11.off
Human,5614,11224,1.706255,0.39347600000000005,1.814332,\labeledDb\LabeledDB_new\Human\12.off
Human,13703,27402,0.8428019999999999,1.958791,0.715712,\labeledDb\LabeledDB_new\Human\13.off
Human,5691,11378,1.0889259999999998,1.195887,0.976434,\labeledDb\LabeledDB_new\Human\14.off
Human,5631,11258,0.585696,1.450831,0.777883,\labeledDb\LabeledDB_new\Human\15.off
Human,15223,30450,0.838287,1.7376559999999999,0.853634,\labeledDb\LabeledDB_new\Human\16.off
Human,15910,31816,0.984356,1.666219,0.913865,\labeledDb\LabeledDB_new\Human\17.off
Human,15385,30766,0.995375,1.704983,1.0128050000000002,\labeledDb\LabeledDB_new\Human\18.off
Human,15477,30950,0.884464,1.9539819999999999,0.766403,\labeledDb\LabeledDB_new\Human\19.off
Human,10050,20096,0.338844,1.876233,1.038578,\labeledDb\LabeledDB_new\Human\2.off
Human,15700,31396,0.849445,1.911769,0.700346,\labeledDb\LabeledDB_new\Human\20.off
Human,5641,11278,0.5495220000000001,1.4940419999999999,0.694626,\labeledDb\LabeledDB_new\Human\3.off
Human,5676,11348,0.60832,1.453764,0.709249,\labeledDb\LabeledDB_new\Human\4.off
Human,15154,30308,0.989225,1.931447,0.77465,\labeledDb\LabeledDB_new\Human\5.off
Human,10098,20192,0.501213,1.7484060000000001,0.393529,\labeledDb\LabeledDB_new\Human\6.off
Human,8441,16878,0.338361,0.573949,1.860828,\labeledDb\LabeledDB_new\Human\7.off
Human,11015,22026,0.67111,0.760976,1.830117,\labeledDb\LabeledDB_new\Human\8.off
Human,2639,5274,0.654836,0.7200040000000001,1.825124,\labeledDb\LabeledDB_new\Human\9.off
Mech,14995,29986,1.077845,1.455106,1.077845,\labeledDb\LabeledDB_new\Mech\321.off
Mech,14991,29978,1.0783390000000002,1.455774,1.078339,\labeledDb\LabeledDB_new\Mech\322.off
Mech,14991,29978,1.0774629999999998,1.454591,1.0774629999999998,\labeledDb\LabeledDB_new\Mech\323.off
Mech,14812,29620,1.353752,1.353552,1.353552,\labeledDb\LabeledDB_new\Mech\324.off
Mech,14999,29994,1.062463,1.6046870000000002,1.451343,\labeledDb\LabeledDB_new\Mech\325.off
Mech,14995,29986,1.5361729999999998,1.339543,1.15213,\labeledDb\LabeledDB_new\Mech\326.off
Mech,14937,29870,1.290336,1.4400439999999999,1.203905,\labeledDb\LabeledDB_new\Mech\327.off
Mech,14994,29984,1.091193,1.473127,1.091193,\labeledDb\LabeledDB_new\Mech\328.off
Mech,14999,29994,1.085217,1.4650599999999998,1.0852179999999998,\labeledDb\LabeledDB_new\Mech\329.off
Mech,15000,29996,1.084549,1.4641570000000002,1.084549,\labeledDb\LabeledDB_new\Mech\330.off
Mech,15000,29996,1.045732,1.56863,1.045732,\labeledDb\LabeledDB_new\Mech\331.off
Mech,14997,29990,1.047296,1.570975,1.047295,\labeledDb\LabeledDB_new\Mech\332.off
Mech,14942,29880,1.033513,1.5503010000000002,1.0335130000000001,\labeledDb\LabeledDB_new\Mech\333.off
Mech,14997,29990,1.31764,0.922348,1.31764,\labeledDb\LabeledDB_new\Mech\334.off
Mech,14995,29986,1.078207,1.455595,1.078207,\labeledDb\LabeledDB_new\Mech\335.off
Mech,15505,31006,0.837668,1.465377,0.8376049999999999,\labeledDb\LabeledDB_new\Mech\336.off
Mech,11533,23062,1.765548,1.742503,1.0786850000000001,\labeledDb\LabeledDB_new\Mech\337.off
Mech,19403,38802,1.132921,1.495345,1.196424,\labeledDb\LabeledDB_new\Mech\338.off
Mech,15000,29996,1.04555,1.568358,1.04555,\labeledDb\LabeledDB_new\Mech\339.off
Mech,14997,29990,1.317145,0.922001,1.317145,\labeledDb\LabeledDB_new\Mech\340.off
Octopus,5944,11888,1.97836,1.463556,0.568014,\labeledDb\LabeledDB_new\Octopus\121.off
Octopus,7251,14498,1.842136,1.515017,0.666084,\labeledDb\LabeledDB_new\Octopus\122.off
Octopus,15493,30982,1.398538,1.092077,1.260949,\labeledDb\LabeledDB_new\Octopus\123.off
Octopus,3101,6198,1.4456639999999998,1.778787,0.726113,\labeledDb\LabeledDB_new\Octopus\124.off
Octopus,1343,2682,0.9774740000000001,0.857108,1.056538,\labeledDb\LabeledDB_new\Octopus\125.off
Octopus,6325,12646,0.914941,1.7153100000000001,1.673111,\labeledDb\LabeledDB_new\Octopus\126.off
Octopus,11906,23808,1.525305,1.611088,1.014192,\labeledDb\LabeledDB_new\Octopus\127.off
Octopus,6164,12324,1.345457,0.6208199999999999,1.675458,\labeledDb\LabeledDB_new\Octopus\128.off
Octopus,6144,12284,1.848357,1.5652,0.771255,\labeledDb\LabeledDB_new\Octopus\129.off
Octopus,7747,15490,1.458024,1.6508850000000002,0.8445750000000001,\labeledDb\LabeledDB_new\Octopus\130.off
Octopus,11051,22098,1.0843340000000001,1.459851,1.482176,\labeledDb\LabeledDB_new\Octopus\131.off
Octopus,7812,15620,0.513533,0.576561,1.922768,\labeledDb\LabeledDB_new\Octopus\132.off
Octopus,10466,20932,0.9661919999999999,1.627496,1.280903,\labeledDb\LabeledDB_new\Octopus\133.off
Octopus,10932,21860,1.3101440000000002,1.6771129999999999,1.0619299999999998,\labeledDb\LabeledDB_new\Octopus\134.off
Octopus,15201,30398,1.142452,1.452442,1.202721,\labeledDb\LabeledDB_new\Octopus\135.off
Octopus,14126,28248,1.4047070000000001,1.351493,0.956705,\labeledDb\LabeledDB_new\Octopus\136.off
Octopus,9124,18244,1.1291159999999998,1.324481,0.9981599999999999,\labeledDb\LabeledDB_new\Octopus\137.off
Octopus,9594,19184,1.599515,1.036464,1.1129609999999999,\labeledDb\LabeledDB_new\Octopus\138.off
Octopus,8017,16030,1.481083,1.4787530000000002,0.537595,\labeledDb\LabeledDB_new\Octopus\139.off
Octopus,9200,18396,1.59324,1.598585,0.8494120000000001,\labeledDb\LabeledDB_new\Octopus\140.off
Plier,4487,8970,1.191802,0.164932,1.835687,\labeledDb\LabeledDB_new\Plier\201.off
Plier,4491,8978,1.2015790000000002,0.164657,1.8315510000000002,\labeledDb\LabeledDB_new\Plier\202.off
Plier,3906,7808,1.2124929999999998,0.164362,1.813083,\labeledDb\LabeledDB_new\Plier\203.off
Plier,4407,8810,1.736696,0.154599,1.378365,\labeledDb\LabeledDB_new\Plier\204.off
Plier,4478,8952,1.276904,0.171887,1.8736739999999998,\labeledDb\LabeledDB_new\Plier\205.off
Plier,4794,9584,1.255816,0.16380499999999998,1.8143340000000001,\labeledDb\LabeledDB_new\Plier\206.off
Plier,5202,10400,1.3928,0.15867599999999998,1.752701,\labeledDb\LabeledDB_new\Plier\207.off
Plier,6104,12204,1.495975,0.16086099999999998,1.614306,\labeledDb\LabeledDB_new\Plier\208.off
Plier,5110,10216,1.615475,0.15956700000000001,1.479387,\labeledDb\LabeledDB_new\Plier\209.off
Plier,5508,11012,1.672086,0.16429100000000002,1.4324729999999999,\labeledDb\LabeledDB_new\Plier\210.off
Plier,4284,8564,1.713292,0.151997,1.4181210000000002,\labeledDb\LabeledDB_new\Plier\211.off
Plier,4298,8592,1.778564,0.15973700000000002,1.376048,\labeledDb\LabeledDB_new\Plier\212.off
Plier,3963,7922,1.187602,0.157025,1.740234,\labeledDb\LabeledDB_new\Plier\213.off
Plier,3804,7604,1.193598,0.164355,1.803375,\labeledDb\LabeledDB_new\Plier\214.off
Plier,4463,8922,1.210511,0.167522,1.860784,\labeledDb\LabeledDB_new\Plier\215.off
Plier,4478,8952,1.2168290000000002,0.168461,1.8707150000000001,\labeledDb\LabeledDB_new\Plier\216.off
Plier,5201,10398,1.2716850000000002,0.160036,1.7658369999999999,\labeledDb\LabeledDB_new\Plier\217.off
Plier,6198,12392,1.263951,0.159861,1.6145749999999999,\labeledDb\LabeledDB_new\Plier\218.off
Plier,3942,7880,1.545913,0.13956000000000002,1.562595,\labeledDb\LabeledDB_new\Plier\219.off
Plier,4457,8910,1.573372,0.14335,1.4700250000000001,\labeledDb\LabeledDB_new\Plier\220.off
Table,13926,27848,1.68048,1.092146,0.858125,\labeledDb\LabeledDB_new\Table\141.off
Table,9802,19600,1.9826160000000002,0.31159400000000004,1.005018,\labeledDb\LabeledDB_new\Table\142.off
Table,9270,18536,1.9816340000000001,0.310966,1.0046689999999998,\labeledDb\LabeledDB_new\Table\143.off
Table,15082,30160,1.9827599999999999,0.448856,1.611144,\labeledDb\LabeledDB_new\Table\144.off
Table,13206,26408,1.2720609999999999,0.975999,1.272035,\labeledDb\LabeledDB_new\Table\145.off
Table,13714,27424,1.4357600000000001,0.981374,1.435962,\labeledDb\LabeledDB_new\Table\146.off
Table,13705,27406,1.619892,0.73254,1.6199270000000001,\labeledDb\LabeledDB_new\Table\147.off
Table,13375,26746,1.968556,0.600627,1.968642,\labeledDb\LabeledDB_new\Table\148.off
Table,13588,27172,1.965859,0.5970190000000001,1.9667080000000001,\labeledDb\LabeledDB_new\Table\149.off
Table,13579,27154,0.933865,1.1331099999999998,0.9336960000000001,\labeledDb\LabeledDB_new\Table\150.off
Table,12696,25388,1.3373179999999998,0.597011,1.337934,\labeledDb\LabeledDB_new\Table\151.off
Table,10543,21082,0.6447560000000001,0.7092219999999999,1.646401,\labeledDb\LabeledDB_new\Table\152.off
Table,13581,27158,1.182175,1.605346,0.567774,\labeledDb\LabeledDB_new\Table\153.off
Table,13929,27854,1.5297749999999999,1.590725,0.9477530000000001,\labeledDb\LabeledDB_new\Table\154.off
Table,14384,28764,1.913528,0.921137,1.425513,\labeledDb\LabeledDB_new\Table\155.off
Table,10100,20196,1.672265,0.6715139999999999,1.442901,\labeledDb\LabeledDB_new\Table\156.off
Table,13883,27762,1.936362,0.785578,1.947643,\labeledDb\LabeledDB_new\Table\157.off
Table,14587,29170,1.292189,0.9623430000000001,1.3696000000000002,\labeledDb\LabeledDB_new\Table\158.off
Table,13930,27856,1.3398210000000002,1.500451,0.649798,\labeledDb\LabeledDB_new\Table\159.off
Table,10082,20160,1.100105,1.542726,0.458112,\labeledDb\LabeledDB_new\Table\160.off
Teddy,13826,27648,1.3500709999999998,1.67104,0.656103,\labeledDb\LabeledDB_new\Teddy\161.off
Teddy,10096,20188,1.030474,1.869732,0.93845,\labeledDb\LabeledDB_new\Teddy\162.off
Teddy,10879,21758,1.207782,1.863775,0.841098,\labeledDb\LabeledDB_new\Teddy\163.off
Teddy,14509,29014,1.302553,1.6737630000000001,0.7947500000000001,\labeledDb\LabeledDB_new\Teddy\164.off
Teddy,10233,20462,0.993852,1.902168,0.784294,\labeledDb\LabeledDB_new\Teddy\165.off
Teddy,11090,22176,1.2757399999999999,1.823318,0.892458,\labeledDb\LabeledDB_new\Teddy\166.off
Teddy,12647,25290,1.2440000000000002,1.721479,0.907538,\labeledDb\LabeledDB_new\Teddy\167.off
Teddy,10752,21500,1.205767,1.8459400000000001,0.652934,\labeledDb\LabeledDB_new\Teddy\168.off
Teddy,12561,25118,1.585265,1.815483,0.585582,\labeledDb\LabeledDB_new\Teddy\169.off
Teddy,12500,24996,1.522691,1.7432370000000001,0.557333,\labeledDb\LabeledDB_new\Teddy\170.off
Teddy,14905,29806,1.0580340000000001,1.797227,0.885129,\labeledDb\LabeledDB_new\Teddy\171.off
Teddy,10141,20278,1.005857,1.9234170000000002,0.9821799999999999,\labeledDb\LabeledDB_new\Teddy\172.off
Teddy,13867,27730,0.900467,1.595283,0.907945,\labeledDb\LabeledDB_new\Teddy\173.off
Teddy,12831,25658,1.304528,1.753096,0.733116,\labeledDb\LabeledDB_new\Teddy\174.off
Teddy,9480,18956,1.197565,1.901507,0.82036,\labeledDb\LabeledDB_new\Teddy\175.off
Teddy,12500,24996,1.4219119999999998,1.632647,0.936437,\labeledDb\LabeledDB_new\Teddy\176.off
Teddy,12543,25082,1.217235,1.676588,0.9098090000000001,\labeledDb\LabeledDB_new\Teddy\177.off
Teddy,12175,24346,1.099831,1.6450580000000001,0.899702,\labeledDb\LabeledDB_new\Teddy\178.off
Teddy,13324,26644,1.309065,1.6583109999999999,0.9313500000000001,\labeledDb\LabeledDB_new\Teddy\179.off
Teddy,9548,19092,1.211794,1.814898,0.5697909999999999,\labeledDb\LabeledDB_new\Teddy\180.off
Vase,14859,29734,1.008861,1.942977,1.044893,\labeledDb\LabeledDB_new\Vase\361.off
Vase,14476,28952,0.738683,1.633511,0.7373810000000001,\labeledDb\LabeledDB_new\Vase\362.off
Vase,13434,26864,0.606193,1.651936,0.594705,\labeledDb\LabeledDB_new\Vase\363.off
Vase,13548,27100,1.651551,1.230085,1.083688,\labeledDb\LabeledDB_new\Vase\364.off
Vase,13514,27028,1.694778,1.354556,1.69009,\labeledDb\LabeledDB_new\Vase\365.off
Vase,10637,21274,0.915131,1.844393,0.941354,\labeledDb\LabeledDB_new\Vase\366.off
Vase,3900,7800,1.8510170000000001,1.189716,0.938042,\labeledDb\LabeledDB_new\Vase\367.off
Vase,11202,22400,1.074485,1.338829,1.228824,\labeledDb\LabeledDB_new\Vase\368.off
Vase,13606,27212,1.14433,1.74288,1.1496439999999999,\labeledDb\LabeledDB_new\Vase\369.off
Vase,13920,27836,1.112663,1.8285939999999998,1.1107230000000001,\labeledDb\LabeledDB_new\Vase\370.off
Vase,14599,29194,1.131684,1.737221,1.137024,\labeledDb\LabeledDB_new\Vase\371.off
Vase,6684,13368,1.4859740000000001,1.168686,0.767334,\labeledDb\LabeledDB_new\Vase\372.off
Vase,10556,21112,0.7986759999999999,1.884291,0.81694,\labeledDb\LabeledDB_new\Vase\373.off
Vase,14872,29744,0.6795249999999999,1.929384,0.675355,\labeledDb\LabeledDB_new\Vase\374.off
Vase,11762,23520,1.8783400000000001,0.6926019999999999,1.10368,\labeledDb\LabeledDB_new\Vase\375.off
Vase,12568,25132,1.990215,0.7951079999999999,1.552376,\labeledDb\LabeledDB_new\Vase\376.off
Vase,15169,30342,1.051351,1.6634929999999999,0.65056,\labeledDb\LabeledDB_new\Vase\377.off
Vase,6684,13368,1.484219,1.160249,0.7544500000000001,\labeledDb\LabeledDB_new\Vase\378.off
Vase,6923,13842,1.838741,1.178423,0.930613,\labeledDb\LabeledDB_new\Vase\379.off
Vase,9356,18708,1.1335250000000001,1.5970529999999998,0.863315,\labeledDb\LabeledDB_new\Vase\380.off
